{
    "name": "root",
    "gauges": {
        "Driver.Policy.Entropy.mean": {
            "value": 0.5241832733154297,
            "min": 0.5057772397994995,
            "max": 1.6248083114624023,
            "count": 16
        },
        "Driver.Policy.Entropy.sum": {
            "value": 5172.640625,
            "min": 5047.65673828125,
            "max": 16553.546875,
            "count": 16
        },
        "Driver.Step.mean": {
            "value": 159875.0,
            "min": 9944.0,
            "max": 159875.0,
            "count": 16
        },
        "Driver.Step.sum": {
            "value": 159875.0,
            "min": 9944.0,
            "max": 159875.0,
            "count": 16
        },
        "Driver.Policy.ExtrinsicValueEstimate.mean": {
            "value": 2.6437854766845703,
            "min": -0.056828323751688004,
            "max": 3.6357309818267822,
            "count": 16
        },
        "Driver.Policy.ExtrinsicValueEstimate.sum": {
            "value": 227.3655548095703,
            "min": -4.830407619476318,
            "max": 319.9443359375,
            "count": 16
        },
        "Driver.Policy.GailValueEstimate.mean": {
            "value": 39.94265365600586,
            "min": 8.037403106689453,
            "max": 40.75309753417969,
            "count": 16
        },
        "Driver.Policy.GailValueEstimate.sum": {
            "value": 3435.068115234375,
            "min": 683.1792602539062,
            "max": 3649.1083984375,
            "count": 16
        },
        "Driver.Losses.PolicyLoss.mean": {
            "value": 0.03213506761239841,
            "min": 0.028210270404815673,
            "max": 0.037421791235101406,
            "count": 16
        },
        "Driver.Losses.PolicyLoss.sum": {
            "value": 0.06427013522479683,
            "min": 0.056420540809631346,
            "max": 0.1080650396994315,
            "count": 16
        },
        "Driver.Losses.ValueLoss.mean": {
            "value": 38.61446161270142,
            "min": 34.684512329101565,
            "max": 189.27474564446345,
            "count": 16
        },
        "Driver.Losses.ValueLoss.sum": {
            "value": 77.22892322540284,
            "min": 69.36902465820313,
            "max": 378.5494912889269,
            "count": 16
        },
        "Driver.Policy.LearningRate.mean": {
            "value": 0.00025317226560924995,
            "min": 0.00025317226560924995,
            "max": 0.00029799405066865,
            "count": 16
        },
        "Driver.Policy.LearningRate.sum": {
            "value": 0.0005063445312184999,
            "min": 0.0005063445312184999,
            "max": 0.0008771976076008,
            "count": 16
        },
        "Driver.Policy.Epsilon.mean": {
            "value": 0.18439075,
            "min": 0.18439075,
            "max": 0.19933135000000002,
            "count": 16
        },
        "Driver.Policy.Epsilon.sum": {
            "value": 0.3687815,
            "min": 0.3687815,
            "max": 0.5923992,
            "count": 16
        },
        "Driver.Policy.Beta.mean": {
            "value": 0.0001,
            "min": 0.0001,
            "max": 0.00010000000000000002,
            "count": 16
        },
        "Driver.Policy.Beta.sum": {
            "value": 0.0002,
            "min": 0.0002,
            "max": 0.00030000000000000003,
            "count": 16
        },
        "Driver.Policy.GAILPolicyEstimate.mean": {
            "value": 0.4370813392102718,
            "min": 0.4370813392102718,
            "max": 0.5968883721364868,
            "count": 16
        },
        "Driver.Policy.GAILPolicyEstimate.sum": {
            "value": 0.8741626784205436,
            "min": 0.8741626784205436,
            "max": 1.4709799483418464,
            "count": 16
        },
        "Driver.Policy.GAILExpertEstimate.mean": {
            "value": 0.575571196526289,
            "min": 0.5031957864761353,
            "max": 0.5939263825615247,
            "count": 16
        },
        "Driver.Policy.GAILExpertEstimate.sum": {
            "value": 1.151142393052578,
            "min": 1.0063915729522706,
            "max": 1.6781061500310896,
            "count": 16
        },
        "Driver.Losses.GAILLoss.mean": {
            "value": 1.189758113026619,
            "min": 1.189758113026619,
            "max": 1.4730651319026946,
            "count": 16
        },
        "Driver.Losses.GAILLoss.sum": {
            "value": 2.379516226053238,
            "min": 2.379516226053238,
            "max": 4.030655691027642,
            "count": 16
        },
        "Driver.Policy.GAILGradMagLoss.mean": {
            "value": 0.029286351380869748,
            "min": 0.014389783532048265,
            "max": 6.3593598124053745,
            "count": 16
        },
        "Driver.Policy.GAILGradMagLoss.sum": {
            "value": 0.058572702761739495,
            "min": 0.03330165608786047,
            "max": 12.718719624810749,
            "count": 16
        },
        "Driver.Losses.PretrainingLoss.mean": {
            "value": 0.3434257499045796,
            "min": 0.3434257499045796,
            "max": 0.4932733767562442,
            "count": 16
        },
        "Driver.Losses.PretrainingLoss.sum": {
            "value": 0.6868514998091592,
            "min": 0.6868514998091592,
            "max": 1.105880946914355,
            "count": 16
        },
        "Driver.Environment.EpisodeLength.mean": {
            "value": 410.94444444444446,
            "min": 328.65625,
            "max": 568.0666666666667,
            "count": 16
        },
        "Driver.Environment.EpisodeLength.sum": {
            "value": 7397.0,
            "min": 7291.0,
            "max": 11236.0,
            "count": 16
        },
        "Driver.Environment.CumulativeReward.mean": {
            "value": 16.833333333333332,
            "min": 7.7,
            "max": 25.85,
            "count": 16
        },
        "Driver.Environment.CumulativeReward.sum": {
            "value": 303.0,
            "min": 115.5,
            "max": 517.0,
            "count": 16
        },
        "Driver.Policy.ExtrinsicReward.mean": {
            "value": 16.833333333333332,
            "min": 7.7,
            "max": 25.85,
            "count": 16
        },
        "Driver.Policy.ExtrinsicReward.sum": {
            "value": 303.0,
            "min": 115.5,
            "max": 517.0,
            "count": 16
        },
        "Driver.Policy.GailReward.mean": {
            "value": 248.9261149101787,
            "min": 188.89973548480444,
            "max": 382.61576544443767,
            "count": 16
        },
        "Driver.Policy.GailReward.sum": {
            "value": 4480.670068383217,
            "min": 4234.780609130859,
            "max": 6800.732342720032,
            "count": 16
        },
        "Driver.IsTraining.mean": {
            "value": 1.0,
            "min": 1.0,
            "max": 1.0,
            "count": 16
        },
        "Driver.IsTraining.sum": {
            "value": 1.0,
            "min": 1.0,
            "max": 1.0,
            "count": 16
        }
    },
    "metadata": {
        "timer_format_version": "0.1.0",
        "start_time_seconds": "1729361793",
        "python_version": "3.9.6 (default, Aug  9 2024, 14:24:13) \n[Clang 16.0.0 (clang-1600.0.26.3)]",
        "command_line_arguments": "/Users/didar/.local/share/virtualenvs/Racing-qPBq77Ro/bin/mlagents-learn config/Racing.yaml --run-id=Racing --force --time-scale 2",
        "mlagents_version": "0.30.0",
        "mlagents_envs_version": "0.30.0",
        "communication_protocol_version": "1.5.0",
        "pytorch_version": "1.11.0",
        "numpy_version": "1.21.2",
        "end_time_seconds": "1729362643"
    },
    "total": 849.5314555,
    "count": 1,
    "self": 0.006199124999966443,
    "children": {
        "run_training.setup": {
            "total": 0.03902762500000012,
            "count": 1,